companyName,count
Real Estate Career Developers,144
Just Digital People,92
Sirius People,57
Opus Recruitment Solutions,57
Hays Recruitment,55
Paxus,47
Robert Half,44
FourQuarters Recruitment,36
Peoplebank Australia,35
Bluefin Resources,35
CircuIT Recruitment Group,34
Talent International,34
Davidson Recruitment,32
Design & Build Recruitment,31
Professional Recruitment Australia,31
Nigel Frank International,29
Randstad,29
PBI Search,25
FutureYou Executive Recruitment,24
REA Group,23
Fetch Recruitment,20
Gough Recruitment,19
Rowben Consulting,19
Greythorn,19
Interpro People,19
Talent Partnership,19
ACRWORLD,18
Xpand Group,18
Attribute Consulting,16
S2M,16
Michael Page,15
Redwolf + Rosch,15
SuperCoders,14
Progressive,13
Genesis Recruitment Solutions,13
Granite Consulting,12
FinXL IT Professional Services,12
Sharp and Carter,12
Stratacon Professional Recruitment,11
DFP Recruitment,11
Programmed Maintenance Services,11
Frasers Property Australia,11
Command Recruitment,11
Gatehouse Legal Recruitment,11
Ajilon,10
Adaps IT,10
Bayside Personnel,10
Ambition Recruitment,10
ecareer IT Recruitment Specialists,10
Wayfaring,10
Kingfisher Recruitment,10
Morgan Consulting,10
Engage Personnel,10
Consultive,10
Preacta Recruitment,9
Viiew,9
Resource Solutions Group,9
Profusion Group,9
Bupa,9
Clicks IT Recruitment,9
Spring Professional,8
Affix Group,8
Coles Group,8
Halcyon Knights,8
Ethos BeathChapman,8
Experis,8
Austcorp Executive,8
Denovo Consulting Group,8
Anteo Recruitment Group,8
Robert Walters,7
DWS,7
WPP AUNZ,7
Aptus Personnel,7
Aspect Personnel,7
Yolk Agency,7
AGL Energy,7
Conquest Personnel,7
Cognizant,7
Innovate IT Consultancy,7
Dialog Information Technology,7
Burgess Paluch,7
Aurec Human Capital,7
Finite IT Recruitment,7
Hermitage Homes,7
Miller Gold Search & Select,6
Reece Plumbing,6
La Trobe University,6
Polaris Consulting & Services,6
RXP Services,6
Become Recruitment,6
Capstone Recruitment,6
inDmand Career Solutions,6
MYOB,6
Carsales.com.au,6
Professional People,6
Needus,6
Buzz Products,6
Tusk Group,6
Interface Recruitment,6
Paul Ingle & Associates,5
Constructive Recruitment,5
Ayan Infotech,5
Giant Recruit,5
Hudson,5
Mars Recruitment,5
SEEK,5
Green Light Australia,5
Building Personnel,5
Lookahead Search,5
Marshall McAdam,5
Global Consulting Services,5
Metricon Homes,5
Toll Holdings,5
Caydon Property Group,5
City of Casey,5
Programmed Skilled Workforce,4
Legal People,4
Silverlink Technologies,4
Ampstek Australia,4
Adelphi Digital,4
KIT Consulting Group,4
Milestone Information Technology,4
Delivery Centric GRS,4
Victoria University,4
Agile People,4
Launch Recruitment,4
Charterhouse,4
Suncorp,4
ETE Group,4
Australia Wide Personnel,4
AIA Insurance,4
Empire Group,4
FGT Recruitment,4
Marble Recruitment,4
Green IT Talent,4
Lawson Delaney,4
Firesoft Consulting,4
Telstra,4
Araza,4
GQR Global Markets,4
MinterEllison,4
Fletcher Building,4
Michael Bailey Associates,4
Sportsbet,4
Unicorn Melbourne,3
Elbit Systems,3
AOS Group,3
Infosys,3
ALRA,3
Chisholm Institute,3
Origin Energy,3
Real Time Australia,3
Eagna Consulting,3
Total Resource Solutions,3
Natural Selection Group,3
Foundation Recruitment,3
Huxley Associates,3
Gestion,3
HCM Australia,3
Mason Frank International,3
Tabcorp,3
LPS Australasia,3
Brand Developers,3
Salt Search,3
Pactera Technology Australia,3
Pro-Active Human Resources,3
Kmart,3
Construct Consulting Group,3
iSelect,3
Dimension Data,3
JV Recruitment,3
nVision Talent,3
Bridge Associates APAC,3
Big Wave Digital,3
Big Wednesday,3
Inventra Recruitment,3
DXC Professional Solutions,3
Dynamo Recruitment,3
Phillip Riley,3
Focus Executive Recruitment,3
Selection Partners,3
Outware Mobile,3
M&T Resources,3
RMIT University,3
Recruitloop,3
ME Bank,3
RPM Real Estate Group,3
eNett,3
Electronic Arts,3
Brook Recruitment,3
Energy Australia,3
Staff Solutions Australia,3
Kelly Services,2
Revolution IT,2
USG Boral,2
Zancott Recruitment,2
Target,2
Design and Construct,2
Absolute IT,2
Department of Health & Human Services VIC,2
True Alliance,2
Glascott Landscape & Civil,2
Boutique Homes,2
Wall Street,2
Q1 Professional Services,2
Zack Group,2
Melton City Council,2
Horizon Consulting,2
Dentsu Aegis Network,2
Universal Corporation,2
MKM Health,2
ASG Group,2
IAG,2
Six Degrees Executive,2
Long Resources,2
Naviro,2
HR national,2
My Joblist,2
Selective Search,2
Qualify Group,2
Alifery,2
NEC,2
Integrated Application Development,2
Doghouse Digital Agency,2
Lendlease,2
Full Circle Partners,2
PIXO,2
Thirst Creative,2
Urbis,2
Fair Consulting Group,2
Buxton Pratt Consulting,2
Project Resource Partners,2
Continuum Recruitment,2
AroFlo,2
Strategic Executive Solutions,2
Findex Group,2
Mind Recruitment,2
Telstra Health,2
Aceik,2
Satterley Property Group,2
Swinburne University,2
David Jones,2
Envato,2
Department of Justice & Regulation VIC,2
Capgemini,2
Monash University,2
TQSolutions,2
CrownBet,2
Exclaim IT,2
Object Consulting,2
Carlisle Homes,2
World Vision,2
Seisma Consulting,2
Orchard HRO,2
ninetwenty,2
MTData,2
XCalibre Solutions,2
Engineering People,2
Jenkin Beattie,2
Melbourne IT,2
BGL Corporate Solutions,2
Speedshield Technologies,2
Ignite Recruitment,2
PageUp People,2
Progressive People,2
Talentpool Recruitment,2
Hendry Group,2
Coachwood Information Professionals,2
Ablethorpe Recruitment,2
Espada Recruitment,2
Open Office,2
Systems and People,2
Premier Technologies,2
Bespoke Careers,2
Loyalty Corp Australia,2
GBG DecTech,2
Flexi Staff,2
Investa Projects Victoria,2
KONE Elevators,2
Pronto Software,2
CKI Group,2
Simonds Homes,2
BTA Sales,2
Bedrock Recruitment,2
Jivaro Recruitment,2
Hydrogen Group,2
Country Road,1
MECCA Brands,1
2IT Recruitment,1
J2 Recruitment,1
Employment Office,1
Deloitte,1
Jade Software Corporation,1
Whiteman Property & Accounting,1
Cotton On Group,1
Corteks Company,1
1 Village Project Marketing,1
Jobscience,1
The Collaborative Agency,1
Meir Australia,1
Speller International,1
Maverick Rose Group,1
GE Australia,1
dormakaba Australia,1
Civica International,1
Intrax Consulting Engineers,1
Evolution 7,1
Safety People Australia,1
Wellcom Group,1
Blue Star Direct VIC,1
SELTEC,1
True Value Homes,1
Ultradata,1
MTM Aluminium windows,1
Netyourjob,1
Exel Group,1
Dynamic Residential Group,1
Adslot Limited,1
Versent,1
The Allied Personnel Group,1
Aconex,1
Copper Road Consulting,1
Keypath Education,1
Auspacific Property Investment,1
ACA Home Improvements,1
United Petroleum,1
Adecco,1
Oomf Recruitment,1
Praemium,1
Bora APAC,1
City of Whittlesea,1
Unidel Constructions,1
Ground Science,1
DPM Financial Services,1
David Reddin,1
Warner Consulting,1
Harrison McMillan,1
Business Analysts,1
Ascender,1
Ericsson,1
Visual Domain,1
QuantumIT,1
Transpire,1
ZTE,1
Anderson Frank,1
align.me,1
IOOF,1
Money3,1
Bentley Recruitment,1
Valspar,1
Amicus Legal Recruitment,1
Data Processors,1
Planned Resources,1
Squiz,1
Becks Wiggins Stokes,1
Leidos Australia,1
Get Started,1
Defence Health,1
Property Initiatives Real Estate,1
Synergetic Management Systems,1
Straightline Excavations,1
Alitis,1
BWX Limited,1
Schneider Electric,1
Luxe Property Group,1
Aurion,1
Shroogal,1
Bayne Recruitment,1
ESE Recruitment,1
TEKsystems,1
GPC Asia Pacific,1
Alloc8,1
Recruitment Advisory Services Australia,1
iSignthis,1
Xero,1
Thomson Reuters,1
Dixon Kestles,1
Guild Group,1
Interactiveinc ,1
Bunzl Australasia,1
Engineers Australia,1
Aston Carter,1
CARE Australia,1
FTS Resourcing,1
Bayside Design & Construct,1
Abacus POS,1
Deakin University,1
Open Universities Australia,1
Cedar Woods Properties,1
Catch of the Day,1
Permanser,1
Ampersand International,1
Your Source,1
Biztech Enterprise Solutions,1
Blackmagic Design,1
Royal Flying Doctor Service,1
Stonefish Recruitment,1
Yellowfin,1
Winson Group,1
Virgin Pulse,1
Ashdown People,1
Mercedes Benz,1
Capital Transport,1
BRI security,1
Le Beauty & Nails Supplies,1
Taylors,1
FireBrand Talent,1
RECRUIT4,1
Vicinity Centres,1
RapidMap Global,1
Back in Motion,1
The Citadel Group,1
Alaress.com.au,1
Unified Healthcare Group,1
ANCA,1
Lander & Rogers Lawyers,1
Tata Consultancy Services,1
Probe Group,1
Bayside Group,1
Bayer,1
Amida,1
IT Alliance,1
StarRez,1
Rider Levett Bucknall,1
Motion Recruitment,1
Mackay Executive,1
PlanIT,1
Advance Vision Technology,1
Bendigo & Adelaide Bank,1
Bakers Delight Stores,1
Thought Collaborative,1
Kaleidoscope Legal Recruitment,1
The Decipher Bureau,1
Stenhouse Recruitment,1
Velrada,1
Leica Biosystems,1
GAPbuster Worldwide,1
Tennis Australia,1
Assembly Payments,1
MTP Services,1
ELMO Software,1
Agility CIS Limited,1
Empired,1
Salient Group,1
Quinn Allan,1
Platinum Recruitment,1
Balance Internet,1
TeleChoice,1
Maurice Blackburn Lawyers,1
SEW-Eurodrive,1
Foilboard Australia,1
Tandem,1
Colliers International,1
Spree Entertainment,1
IRESS,1
Structural Edge,1
JORA,1
Zendesk,1
Taylor Root,1
Headspace,1
PS&C Group,1
Mental Health First Aid Australia,1
Premium IT Recruitment,1
PM-Partners Group,1
Nintex,1
Global Career HQ,1
BI & DW Australia,1
DXC Oxygen,1
Porter Davis,1
Vivid CD,1
AE Smith,1
Quest Payment Systems,1
CGC Recruitment,1
Intrepid Travel,1
Landscape Solutions,1
Fit My Car,1
Attribute Testing,1
McGibbon Consulting,1
IGNIA,1
CoinTree,1
Scientific Management Associates,1
Vendito Consulting Group,1
Chandler Macleod Group,1
Data#3,1
Naiman Clarke,1
Bloomfield Tremayne & Partners,1
Diverseco,1
The Careers Emporium,1
Melstone Developments,1
That Marketing Company,1
TWFS Australia,1
Myer,1
Who Group,1
Murray Recruitment and Consulting,1
Amtek,1
BT People,1
Mazda,1
Australasian College for Emergency Medicine,1
Purplebricks,1
GOW Recruitment,1
RecruitShop,1
Australians Studying Abroad,1
Structerre Consulting Engineers,1
Sysintegra,1
Talent Sourcing Partners,1
TwoScots Recruitment,1
Fraudwatch International,1
Empirics,1
2XM,1
View Bank Homes,1
Slack,1
Evolution Recruitment Solutions,1
MessageMedia,1
Brolly,1
en world Australia,1
Accenture,1
Box Hill Institute,1
CSG Talent,1
ANZUK Teaching Agency,1
Quest Apartment Hotels,1
Ensure Recruitment,1
G Adventures,1
Perspective Recruitment,1
Spire Group,1
Asta Solutions,1
Bega Cheese,1
Bed Bath n Table,1
Vitamin T,1
Enginuity,1
Xpert Group,1
F1 Solutions,1
Bureau Veritas,1
fibreHR,1
Mainbrace Constructions,1
Mimecast,1
Mill Software,1
Frankston City Council,1
MAX Solutions,1
Altablue,1
Talenza,1
Country Garden Australia,1
Axion SD,1
Dialogue Consulting,1
TAL,1
The Performance Architects,1
Morgan Campbell,1
The Recruitment Company,1
Framework Search & Select ,1
Jacobs,1
University of Melbourne,1
Castran Gilbert,1
Crabtree & Evelyn,1
Cognology,1
International Equities City Residential,1
ReillyScott,1
Maddocks Lawyers,1
Marcon Developments,1
Wastech,1
IntelligenceBank,1
Designer Doorware,1
Veritas Recruitment,1
NAB,1
