companyName,count
Hudson,111
2XM,103
Opus Recruitment Solutions,62
Paxus,58
Peoplebank Australia,55
Design & Build Recruitment,49
Finite IT Recruitment,47
Austcorp Executive,44
FinXL IT Professional Services,41
Hays Recruitment,39
Robert Walters,39
Macquarie Group,38
Genesis Recruitment Solutions,37
Charterhouse,37
Ethos BeathChapman,35
EngineerJobs.com.au,35
Xpand Group,34
Randstad,33
PBI Search,31
Talent International,30
Onset Group,29
M&T Resources,28
Design and Construct,27
Sirius People,27
Redpath Partners,26
Naviro,26
Progressive,25
Robert Half,25
Greythorn,24
ETE Group,23
Professional Recruitment Australia,23
FourQuarters Recruitment,23
Total Resource Solutions,22
HCM Australia,22
Aurec Human Capital,22
The Ruby Group,22
Lloyd Harrington Australia,22
Preacta Recruitment,21
Attribute Consulting,21
Frasers Property Australia,21
Morgan McKinley,19
Bluefin Resources,19
Northbridge Recruitment,18
Michael Page,18
Ajilon,18
Davidson Recruitment,18
ACRWORLD,18
CGC Recruitment,18
ecareer IT Recruitment Specialists,17
S2P,16
Balance Recruitment,16
Just Digital People,16
Capstone Recruitment,16
Firesoft Consulting,16
Continuum Recruitment,15
Simpl Recruitment,15
Horizon Consulting,14
Spark Recruitment,13
Nigel Frank International,13
Quay Appointments,13
Stream Consulting Group,12
Ashdown People,12
en world Australia,12
Clicks IT Recruitment,12
Absolute IT,12
Lawjobs.com.au,12
Motion Recruitment,11
The Network,11
SustainAbility Consulting,10
Evolution Recruitment Solutions,10
Retain Recruitment,10
Talenza,10
GQR Global Markets,10
Gough Recruitment,10
Interactiveinc ,10
Galileo Search,10
Viiew,9
iKas International Australia,9
Perigon Group,9
Salt Search,9
Now Careers,9
Interpro People,9
Mantech International,9
Attribute Testing,9
Newscorp,8
Lendi,8
Real Time Australia,8
CITI Recruitment,8
Australian Securities & Investments Commission,8
The Recruitment Company,8
MCS Consulting,8
Amadeus,8
Command Recruitment,7
Constructive Recruitment,7
Staff Solutions Australia,7
Launch Recruitment,7
Lookahead Search,7
Limelight People,7
JobAdder,7
Inteliment,7
Resolver Recruitment,7
Talentpool Recruitment,7
3X Partners,7
Profusion Group,7
FutureYou Executive Recruitment,7
Michael Bailey Associates,7
Ivory Group,7
TheDriveGroup,7
RXP Services,7
Kelly Services,7
Mars Recruitment,7
Ayan Infotech,7
Marble Recruitment,6
BHAG Management,6
Silk Recruitment,6
Ambition Recruitment,6
Alitis,6
AC3,6
Data#3,6
Open Colleges,6
Bridge Associates APAC,6
Delivery Centric GRS,6
Norwest Recruitment,6
Nine Network,6
Hydrogen Group,6
Denovo Consulting Group,6
Colliers International,6
Polyglot Group,6
Torch Professional Services,6
Progressive People,6
Precision Sourcing,6
Halcyon Knights,6
Kingfisher Recruitment,6
hipages Group,5
CSIRO,5
Billigence,5
Commonwealth Bank of Australia,5
Xpert Group,5
S2M,5
Harvey Norman,5
Greenstone Financial Services,5
alcami,5
Infopeople,5
Dimension Data,5
Lawson Delaney,5
ConstructEng Australia,5
Curtis Partnership,5
TEKsystems,5
Pro-Active Human Resources,5
HiTech Personnel,5
University of NSW,5
Massive Interactive,5
Scentre Group,5
Chandler Macleod Group,5
BMS Sales Performance,5
Kelly Government Solutions,5
Tardis Group,5
HCL Technologies,5
Hyre.,5
Agile People,5
DWS,5
Big Wednesday,5
Domain Group,5
Fairfax Media,5
Construct Consulting Group,5
Talent Web Property,5
Empire Group,5
T+O+M Executive,4
Blackadder Recruitment,4
Hays Marketing,4
Dialog Information Technology,4
LEAP Dev,4
Adactin Group,4
Salexo Consulting,4
Cognizant,4
nVision Talent,4
Helloworld,4
Enterprise Recruitment,4
Link Group,4
Green Light Australia,4
Brand Developers,4
P3 Recruitment,4
sharonbennie,4
DXC Consulting,4
Sigma Resourcing,4
Outware Mobile,4
Talon Recruitment Solutions,4
Cluey Learning,4
Meriton,4
McDonald Jones Homes,4
Adaps IT,4
G2 Legal,3
MACRO Recruitment,3
SPECIALISTJOBS.com.au,3
Resources Group,3
Employee First,3
Healthcare Professionals Group,3
Green Resourcing Group,3
NOVA Partners,3
Schneider Electric,3
CoreLogic,3
Vodafone,3
Westbury Partners,3
Hays Talent Solutions,3
Toll Holdings,3
Avoka Technologies,3
Cox Purtell Staffing Services,3
Greenland Australia Investment,3
The Vocus Group,3
Rowben Consulting,3
Mason Frank International,3
Object Consulting,3
Framework Search & Select ,3
mmw3degrees,3
Experis,3
KAPiTAL Consulting,3
Eagna Consulting,3
Trak Recruiting,3
Ratio Group,3
4mation Technologies,3
UBS,3
Alloc8,3
Oceans Group,3
Coadys Personnel Consultants,3
Recruitloop,3
PM-Partners Group,3
F1rst Contact recruitment,3
Service NSW,3
Deputy.com,3
Ignite Recruitment,3
NAKAMA Sydney,3
7 Recruitment,3
The Argyle Network,3
Built,3
WPP AUNZ,3
Mortgage Choice,3
MYOB,3
Empired,3
Aland Developments,3
Perceptor,3
Infosys,3
Access Innovation Media,3
Manpower Services,3
Bupa,3
Primus Hotel Sydney,3
City of Sydney,2
City of Canada Bay Council,2
RT Health Fund,2
USG Boral,2
CSR Limited,2
Stockland,2
Toshiba,2
MinterEllison,2
Coleman Recruitment,2
Cochlear,2
Burgess Paluch,2
Australian Broadcasting Corporation,2
CWG Development,2
HCF,2
Kennedy Reid,2
Transport for NSW,2
The Quantium Group,2
One Fell Swoop,2
Smartsalary,2
Pactera Technology Australia,2
BI & DW Australia,2
CBRE,2
IAG,2
PlanIT,2
Edison Talent,2
AMP,2
Montgomery Advisory,2
dormakaba Australia,2
Group Davies,2
Lioness Fashion,2
TargIT Recruitment,2
Nova Entertainment,2
2IT Recruitment,2
Empire Recruitment,2
Orica,2
Kendo Brands,2
DX Solutions,2
FTI Consulting,2
ELMO Software,2
Metricon Homes,2
Ventia,2
Guardian Early Learning Group,2
Digital Native,2
DHL,2
MTP Services,2
Synergy Placements,2
Roam Creative,2
Australian Computer Society,2
K&L Gates,2
Core Talent,2
CircuIT Recruitment Group,2
The Decipher Bureau,2
Readify,2
Reserve Bank of Australia,2
Amplify Partners,2
RecruitShop,2
Enterprise IT Resources,2
ninetwenty,2
Bean Media Group,2
Talent Insights Group,2
Naamtech,2
Hidden Cove Solutions,2
EDT Global,2
Practice Advantage,2
SustainDigital,2
people2people,2
Coates Group,2
MullenLowe Profero,2
Hoban Recruitment,2
Tabcorp,2
GenesisCare,2
GOW Recruitment,2
Webprofits,2
TQSolutions,2
Menulog Group,2
Willow Recruitment,2
NAB,2
IPCA,2
Agile Talent,2
finder.com.au,2
Lucky You Found Me,2
Winning Appliances,2
CS Technology,2
Programmed Maintenance Services,2
Bradman Recruitment Group,2
Arney Recruitment,2
Poly Development,2
IRESS,2
Macquarie IT Australia,2
Western Sydney University,2
The Yield,2
Nakama Melbourne,2
Foxtel,2
Woolworths Supermarkets,2
NES Global Talent,2
BizCover,2
GMT People,2
AGL Energy,2
U&U Recruitment Partners,2
Love People,2
Dynamo Recruitment,2
AVJennings,2
New Horizons Learning Centres,2
Miller Gold Search & Select,2
UberTribe,2
TalentWeb Consulting,2
Bespoke Careers,2
360HR,2
MKM Health,2
Pet Circle,2
CSK Nexus,2
Network Ten,2
Who in the Zoo,2
Lindsay Taylor Lawyers,2
Fusion People,2
iknowho,2
Five Star HR,2
Switch Media,2
Employsure,2
Inject,2
Huxley Associates,2
Adrenalin Media,2
EY,2
CSG Talent,2
Cookpad,2
Ironfish,2
EA People,2
YHA,2
Advance Delivery Consulting,1
Ipsos,1
MNF Group Limited,1
Four Corners Recruitment,1
face2face Recruitment,1
Bypass,1
Jade Software Corporation,1
LeasePLUS Group,1
Telstra,1
Project Surveyors,1
Saunders Lynn & Co,1
ConsultANZ,1
Base 3D,1
Cox Automotive Australia,1
Cass Brothers,1
MedicalDirector,1
Wisdom Homes,1
Limepoint,1
Tempo GROUP,1
Every Trade Group,1
Paltronics,1
BRICKX,1
Scientific Games,1
Recruit IT,1
Inventra Recruitment,1
Mega IT Services,1
ALRA,1
Distinct Recruitment Group,1
Solarwinds Software,1
Option Investment Australia,1
Synopsys Australia,1
i-Pharm Consulting,1
Gosford Quarries,1
ING Direct,1
Complete Business Online,1
Ansarada,1
David Reddin,1
SurveyorJobs.com.au,1
Biztech Enterprise Solutions,1
Inview Consulting,1
Mitchellake Consulting,1
PPG Industries,1
Sekisui House,1
Greenland Hotels,1
SUEZ Environnement,1
3P Learning,1
SCO Recruitment,1
Alpha Zulu Recruitment,1
Meridian Homes,1
FireBrand Talent,1
Corin Australia,1
New Venture Recruitment,1
Appletree Consult,1
Reece Plumbing,1
Jenkin Beattie,1
National Workforce,1
Longtail Ux,1
Stayz,1
EML,1
Preston James,1
Bentley Recruitment,1
Mondo Search,1
Kin Property,1
Aqualand Projects,1
whitecollarblue,1
Business Switch,1
Kinexus,1
ReillyScott,1
Verse Group,1
Dentons Australia,1
Camden Council,1
M.J. Bale,1
WM Recruitment,1
ABN AMRO Clearing Sydney,1
Brand Influence Group,1
Embodied Recruitment,1
Debra Manson Recruitment,1
Sam Prince Hospitality Group,1
Human Resources Focus,1
Employment Hero,1
Greater Bank,1
Naiman Clarke,1
Oryx People,1
Talent Streams,1
Datasource Services,1
AccountAbility,1
Deloitte,1
Rescon Builders,1
BTA Sales,1
Trayne Consulting,1
Mainbrace Constructions,1
Beacon Lighting,1
Glascott Landscape & Civil,1
Concert ICT,1
Bud Corporation,1
Options Consulting Group,1
Wargaming.net,1
MJD Executive,1
Debra Rudov Healthcare Recruitment,1
Wedderburn,1
SMEC,1
Quinton Anthony,1
Zack Group,1
Bible Society Australia,1
Eden Brae Homes,1
Hollard Insurance,1
NRMA Motoring & Services,1
WiseTech Global,1
Department of Planning & Environment NSW,1
ADVIZA,1
Barton Mills,1
Valtech,1
Emirates Hotels,1
Optus,1
Jivaro Recruitment,1
Global Career HQ,1
Proforce,1
Resource Solutions Group,1
iCH Group,1
The Creative Store,1
SAFRAN,1
Data Action,1
Walan Construction Services,1
ITW Polymers & Fluids,1
Jindu Development Group,1
BOC,1
House of Quirky,1
The PAS Group,1
Capgemini,1
Salient Group,1
Quinn Allan,1
The Homeloans Group,1
Tata Consultancy Services,1
Touch To Buy,1
Choice,1
FCB Group,1
Oneflare,1
Kinetic IT,1
Technology Talent,1
Temp Talent,1
Zone IT Solutions,1
Infinity Pro,1
Curran & Associates,1
Bulletproof,1
Toyota Financial Services,1
BSI People,1
Mccorkell & Associates,1
Monica Clare Recruitment,1
Canon,1
Simonds Homes,1
Panasonic,1
Forsythes Recruitment,1
Cardno,1
Craveable Brands,1
Prudential Investment Company of Australia,1
AJQ,1
Aptus Personnel,1
Elevation Consulting,1
DXC Red Rock,1
Winson Group,1
Digital Alchemy,1
Study Group,1
Downer,1
Octerpus,1
Allure Consulting,1
Gordon Group Technology,1
macpeople,1
Elecdata Australia,1
Asplundh Tree Experts,1
Metcash,1
PLACE Design Group,1
Taylor Root,1
InLoop Solutions,1
Jacobs,1
Collaborate Corporation,1
Active Recruitment,1
Adslot Limited,1
Travel Serv Co.,1
Polaris Consulting & Services,1
Canberra Consulting,1
Data Talent,1
Quest Recruit,1
Vendito Consulting Group,1
Indesign Media Asia Pacific,1
B.E Campbell,1
Appliances Online,1
Lang Deacon,1
DIUS Computing,1
Garvan Institute of Medical Research,1
Outliving,1
Holocentric,1
Recon Solutions,1
Veolia Environmental Services,1
PMP Limited,1
DUAL Asia Pacific,1
Arinum Solutions,1
Hitachi Construction Machinery,1
Rockmelon,1
Simpli-U,1
Guide Dogs NSW ACT,1
Coates Hire,1
Woolworths Limited,1
Become Recruitment,1
IQVIA,1
Make It Cheaper,1
Tech Mahindra,1
Gestion,1
NatRec ANZ,1
Ainsworth Game Technology,1
Civica International,1
Amida,1
IGNIA,1
IT Alliance,1
HelloFresh,1
GROW Super,1
Landpearl,1
Country Garden Australia,1
Exclaim IT,1
Law In Order,1
Mykey People,1
FIS,1
Morningstar,1
Bepoz,1
NextGen.Net,1
Program Planning Professionals,1
Medlab,1
Enabled Employment,1
Powerstaff Consulting,1
Blue 449,1
Talentpay,1
Multigate Medical Products,1
BOAB IT,1
Manhattan Homes,1
Boral,1
Servian,1
Quantifi,1
Creative Licence Digital,1
Pinpoint Talent,1
Corum Group,1
Allegra Recruitment,1
BT People,1
Tramada Systems,1
Crown Group,1
Innovate IT Consultancy,1
Hello Molly Fashion,1
Access MQ,1
Mackay Executive,1
Opteon,1
Wollondilly Shire Council,1
Rockend,1
Willis Towers Watson,1
CHU Underwriting Agencies,1
Nasdaq,1
TPG,1
Merivale,1
Frost Recruitment,1
CGI,1
ADW Johnson,1
Big Wave Digital,1
Thought Collaborative,1
Performance Drivers,1
Engineers Australia,1
Konekt,1
National Tiles,1
Younity,1
SNP Security,1
bk IT Consulting,1
Deutsche Bank,1
inDmand Career Solutions,1
Inhabit Group,1
Revolution Software Services,1
Rpb Consulting,1
RTI Consulting,1
Aurion,1
Bench,1
Dentsu Aegis Network,1
Ausgrid,1
Nextsearch,1
Makinson d'Apice Lawyers,1
Nearmap,1
APG & Co,1
Oovvuu,1
SavvySME,1
Dash Recruitment,1
Macquarie Health,1
Cranfield Group,1
Style State,1
Mandoe,1
DXC Technology,1
Bigcommerce,1
Better Staff,1
Cascade Strategy,1
Fluffy Spider Technologies,1
Barrington Group Australia,1
Antaeus Group,1
AccessHQ,1
JP Morgan,1
World Nomads Group,1
Bauer Media,1
Workforce XS,1
Elias Recruitment,1
SAI Global,1
tech2,1
AVANSER,1
Anglicare Sydney,1
Legrand,1
Iloura,1
Animal Logic,1
Hivetec,1
APP Corporation,1
Vitamin T,1
Bingo Industries,1
Ford Peterson,1
Capital Markets CRC,1
Harvey Nash,1
Matrix Education,1
Hireup,1
Espada Recruitment,1
Origin Energy,1
Hart Recruitment,1
Orion Enterprise Business Solutions,1
Adelphi Digital Consulting Group,1
Harvey Broadbent,1
Code Studio,1
Opus Medical,1
HR national,1
Mindcloud Consultants,1
The Simulation Group,1
Adecco,1
Mott MacDonald,1
Axe Group,1
Numbers Executive Recruitment,1
Niche 212,1
WilkinsonLowe,1
JP Solutions Australia,1
GBST,1
Conquest Personnel,1
Latitude IT,1
Johnson Controls,1
Extrastaff,1
MicroChannel,1
Gap Recruitment,1
eHealth NSW,1
LexisNexis,1
RHR Group,1
